<?xml version="1.0" encoding="UTF-8"?>
<!-- 测试 -->
<application>
	<application-properties>
		<property name="BASE_PACKAGE" value="org.tinygroup" />
		<property name="DEBUG_MODE" value="true"/>
		<property name="HIDE_MACRO" value="true"/>
		<property name="TINY_THEME" value="default" />
		<property name="UPLOAD" value="default" />
		<property name="UPLOAD_ACTION_URL" value="/action/savepic.pagelet" />
		<!-- 如果没有指定语言或指定语言的内容找不到，则从默认语言查找 -->
		<property name="TINY_DEFAULT_LOCALE" value="zh_CN" />
	</application-properties>
	<!-- config-processors节点由 ProcessorLoader处理器处理，如何配置请参考config-processors配置手册，本段配置如果不配置，则应用系统啥也不干 -->
	<!-- greetings信息由org.tinygroup.application.processor.GreetingProcessor处理器处理，如何配置请参考
		GreetingProcessor配置手册 -->
	<greetings>
		**********************************************
		* 欢迎进入Tiny
		Server *
		* *
		* 如果有任何问题，请联系luo_guo@live.cn *
		**********************************************

    </greetings>

	<application-processors>
		<application-processor bean="fileResolverProcessor"></application-processor>
		<application-processor bean="tinyListenerProcessor"></application-processor>
		<application-processor bean="fileMonitorProcessor"></application-processor>
		<application-processor bean="tinyTemplateConfigProcessor"></application-processor>
	</application-processors>

	<!-- 这里是文件搜索器相关配置，如果配置请参考file-resolver-configuration配置手册 -->
	<file-resolver-configuration esolve-classpath="true">
		<class-paths>
			<!-- <class-path path="{TINY_WEBROOT}\WEB-INF\lib" /> -->
			<class-path path="D:\javaworkspace\TinyUiEnterprise2\project.zip\uiproject\view\src\main\resources" />
		</class-paths>
		<include-patterns>
		</include-patterns>
		<exclude-full-content></exclude-full-content>
	</file-resolver-configuration>

	<!--tiny-processor实现 -->
	<tiny-processors>
		<tiny-processor id="uiEngineTinyProcessor" class="uiEngineTinyProcessor">
			<servlet-mapping url-pattern=".*/uiengine\.uijs"></servlet-mapping>
			<servlet-mapping url-pattern=".*/uiengine\.uicss"></servlet-mapping>
		</tiny-processor>

		<tiny-processor id="fullContextProcessor" class="fullContextProcessor">
			<servlet-mapping url-pattern=".*\.evy"></servlet-mapping>
			<servlet-mapping url-pattern=".*\.fif"></servlet-mapping>
			<servlet-mapping url-pattern=".*\.spl"></servlet-mapping>
			<servlet-mapping url-pattern=".*\.hta"></servlet-mapping>
			<servlet-mapping url-pattern=".*\.acx"></servlet-mapping>
			<servlet-mapping url-pattern=".*\.hqx"></servlet-mapping>
			<servlet-mapping url-pattern=".*\.doc"></servlet-mapping>
			<servlet-mapping url-pattern=".*\.dot"></servlet-mapping>
			<servlet-mapping url-pattern=".*\.bin"></servlet-mapping>
			<servlet-mapping url-pattern=".*\.dms"></servlet-mapping>
			<servlet-mapping url-pattern=".*\.exe"></servlet-mapping>
			<servlet-mapping url-pattern=".*\.lha"></servlet-mapping>
			<servlet-mapping url-pattern=".*\.lzh"></servlet-mapping>
			<servlet-mapping url-pattern=".*\.oda"></servlet-mapping>
			<servlet-mapping url-pattern=".*\.axs"></servlet-mapping>
			<servlet-mapping url-pattern=".*\.pdf"></servlet-mapping>
			<servlet-mapping url-pattern=".*\.prf"></servlet-mapping>
			<servlet-mapping url-pattern=".*\.p10"></servlet-mapping>
			<servlet-mapping url-pattern=".*\.crl"></servlet-mapping>
			<servlet-mapping url-pattern=".*\.ai"></servlet-mapping>
			<servlet-mapping url-pattern=".*\.eps"></servlet-mapping>
			<servlet-mapping url-pattern=".*\.ps"></servlet-mapping>
			<servlet-mapping url-pattern=".*\.rtf"></servlet-mapping>
			<servlet-mapping url-pattern=".*\.setpay"></servlet-mapping>
			<servlet-mapping url-pattern=".*\.setreg"></servlet-mapping>
			<servlet-mapping url-pattern=".*\.xla"></servlet-mapping>
			<servlet-mapping url-pattern=".*\.xlc"></servlet-mapping>
			<servlet-mapping url-pattern=".*\.xlm"></servlet-mapping>
			<servlet-mapping url-pattern=".*\.xls"></servlet-mapping>
			<servlet-mapping url-pattern=".*\.xlt"></servlet-mapping>
			<servlet-mapping url-pattern=".*\.xlw"></servlet-mapping>
			<servlet-mapping url-pattern=".*\.msg"></servlet-mapping>
			<servlet-mapping url-pattern=".*\.sst"></servlet-mapping>
			<servlet-mapping url-pattern=".*\.cat"></servlet-mapping>
			<servlet-mapping url-pattern=".*\.stl"></servlet-mapping>
			<servlet-mapping url-pattern=".*\.pot"></servlet-mapping>
			<servlet-mapping url-pattern=".*\.pps"></servlet-mapping>
			<servlet-mapping url-pattern=".*\.ppt"></servlet-mapping>
			<servlet-mapping url-pattern=".*\.pptx"></servlet-mapping>
			<servlet-mapping url-pattern=".*\.mpp"></servlet-mapping>
			<servlet-mapping url-pattern=".*\.wcm"></servlet-mapping>
			<servlet-mapping url-pattern=".*\.wdb"></servlet-mapping>
			<servlet-mapping url-pattern=".*\.wks"></servlet-mapping>
			<servlet-mapping url-pattern=".*\.wps"></servlet-mapping>
			<servlet-mapping url-pattern=".*\.hlp"></servlet-mapping>
			<servlet-mapping url-pattern=".*\.bcpio"></servlet-mapping>
			<servlet-mapping url-pattern=".*\.cdf"></servlet-mapping>
			<servlet-mapping url-pattern=".*\.z"></servlet-mapping>
			<servlet-mapping url-pattern=".*\.tgz"></servlet-mapping>
			<servlet-mapping url-pattern=".*\.cpio"></servlet-mapping>
			<servlet-mapping url-pattern=".*\.csh"></servlet-mapping>
			<servlet-mapping url-pattern=".*\.dcr"></servlet-mapping>
			<servlet-mapping url-pattern=".*\.dir"></servlet-mapping>
			<servlet-mapping url-pattern=".*\.dxr"></servlet-mapping>
			<servlet-mapping url-pattern=".*\.dvi"></servlet-mapping>
			<servlet-mapping url-pattern=".*\.gtar"></servlet-mapping>
			<servlet-mapping url-pattern=".*\.gz"></servlet-mapping>
			<servlet-mapping url-pattern=".*\.hdf"></servlet-mapping>
			<servlet-mapping url-pattern=".*\.ins"></servlet-mapping>
			<servlet-mapping url-pattern=".*\.isp"></servlet-mapping>
			<servlet-mapping url-pattern=".*\.iii"></servlet-mapping>
			<servlet-mapping url-pattern=".*\.js"></servlet-mapping>
			<servlet-mapping url-pattern=".*\.latex"></servlet-mapping>
			<servlet-mapping url-pattern=".*\.mdb"></servlet-mapping>
			<servlet-mapping url-pattern=".*\.crd"></servlet-mapping>
			<servlet-mapping url-pattern=".*\.clp"></servlet-mapping>
			<servlet-mapping url-pattern=".*\.dll"></servlet-mapping>
			<servlet-mapping url-pattern=".*\.m13"></servlet-mapping>
			<servlet-mapping url-pattern=".*\.m14"></servlet-mapping>
			<servlet-mapping url-pattern=".*\.mvb"></servlet-mapping>
			<servlet-mapping url-pattern=".*\.wmf"></servlet-mapping>
			<servlet-mapping url-pattern=".*\.woff"></servlet-mapping>
			<servlet-mapping url-pattern=".*\.woff2"></servlet-mapping>
			<servlet-mapping url-pattern=".*\.ttf"></servlet-mapping>
			<servlet-mapping url-pattern=".*\.mny"></servlet-mapping>
			<servlet-mapping url-pattern=".*\.pub"></servlet-mapping>
			<servlet-mapping url-pattern=".*\.scd"></servlet-mapping>
			<servlet-mapping url-pattern=".*\.trm"></servlet-mapping>
			<servlet-mapping url-pattern=".*\.wri"></servlet-mapping>
			<servlet-mapping url-pattern=".*\.cdf"></servlet-mapping>
			<servlet-mapping url-pattern=".*\.nc"></servlet-mapping>
			<servlet-mapping url-pattern=".*\.pma"></servlet-mapping>
			<servlet-mapping url-pattern=".*\.pmc"></servlet-mapping>
			<servlet-mapping url-pattern=".*\.pml"></servlet-mapping>
			<servlet-mapping url-pattern=".*\.pmr"></servlet-mapping>
			<servlet-mapping url-pattern=".*\.pmw"></servlet-mapping>
			<servlet-mapping url-pattern=".*\.p12"></servlet-mapping>
			<servlet-mapping url-pattern=".*\.pfx"></servlet-mapping>
			<servlet-mapping url-pattern=".*\.p7b"></servlet-mapping>
			<servlet-mapping url-pattern=".*\.spc"></servlet-mapping>
			<servlet-mapping url-pattern=".*\.p7r"></servlet-mapping>
			<servlet-mapping url-pattern=".*\.p7c"></servlet-mapping>
			<servlet-mapping url-pattern=".*\.p7m"></servlet-mapping>
			<servlet-mapping url-pattern=".*\.p7s"></servlet-mapping>
			<servlet-mapping url-pattern=".*\.sh"></servlet-mapping>
			<servlet-mapping url-pattern=".*\.shar"></servlet-mapping>
			<servlet-mapping url-pattern=".*\.swf"></servlet-mapping>
			<servlet-mapping url-pattern=".*\.sit"></servlet-mapping>
			<servlet-mapping url-pattern=".*\.sv4cpio"></servlet-mapping>
			<servlet-mapping url-pattern=".*\.sv4crc"></servlet-mapping>
			<servlet-mapping url-pattern=".*\.tar"></servlet-mapping>
			<servlet-mapping url-pattern=".*\.tcl"></servlet-mapping>
			<servlet-mapping url-pattern=".*\.tex"></servlet-mapping>
			<servlet-mapping url-pattern=".*\.texi"></servlet-mapping>
			<servlet-mapping url-pattern=".*\.texinfo"></servlet-mapping>
			<servlet-mapping url-pattern=".*\.roff"></servlet-mapping>
			<servlet-mapping url-pattern=".*\.t"></servlet-mapping>
			<servlet-mapping url-pattern=".*\.tr"></servlet-mapping>
			<servlet-mapping url-pattern=".*\.man"></servlet-mapping>
			<servlet-mapping url-pattern=".*\.me"></servlet-mapping>
			<servlet-mapping url-pattern=".*\.ms"></servlet-mapping>
			<servlet-mapping url-pattern=".*\.ustar"></servlet-mapping>
			<servlet-mapping url-pattern=".*\.src"></servlet-mapping>
			<servlet-mapping url-pattern=".*\.cer"></servlet-mapping>
			<servlet-mapping url-pattern=".*\.crt"></servlet-mapping>
			<servlet-mapping url-pattern=".*\.der"></servlet-mapping>
			<servlet-mapping url-pattern=".*\.pko"></servlet-mapping>
			<servlet-mapping url-pattern=".*\.zip"></servlet-mapping>
			<servlet-mapping url-pattern=".*\.au"></servlet-mapping>
			<servlet-mapping url-pattern=".*\.snd"></servlet-mapping>
			<servlet-mapping url-pattern=".*\.mid"></servlet-mapping>
			<servlet-mapping url-pattern=".*\.rmi"></servlet-mapping>
			<servlet-mapping url-pattern=".*\.mp3"></servlet-mapping>
			<servlet-mapping url-pattern=".*\.aif"></servlet-mapping>
			<servlet-mapping url-pattern=".*\.aifc"></servlet-mapping>
			<servlet-mapping url-pattern=".*\.aiff"></servlet-mapping>
			<servlet-mapping url-pattern=".*\.m3u"></servlet-mapping>
			<servlet-mapping url-pattern=".*\.ra"></servlet-mapping>
			<servlet-mapping url-pattern=".*\.ram"></servlet-mapping>
			<servlet-mapping url-pattern=".*\.wav"></servlet-mapping>
			<servlet-mapping url-pattern=".*\.bmp"></servlet-mapping>
			<servlet-mapping url-pattern=".*\.cod"></servlet-mapping>
			<servlet-mapping url-pattern=".*\.gif"></servlet-mapping>
			<servlet-mapping url-pattern=".*\.ief"></servlet-mapping>
			<servlet-mapping url-pattern=".*\.jpe"></servlet-mapping>
			<servlet-mapping url-pattern=".*\.jpeg"></servlet-mapping>
			<servlet-mapping url-pattern=".*\.jpg"></servlet-mapping>
			<servlet-mapping url-pattern=".*\.jfif"></servlet-mapping>
			<servlet-mapping url-pattern=".*\.svg"></servlet-mapping>
			<servlet-mapping url-pattern=".*\.tif"></servlet-mapping>
			<servlet-mapping url-pattern=".*\.tiff"></servlet-mapping>
			<servlet-mapping url-pattern=".*\.png"></servlet-mapping>
			<servlet-mapping url-pattern=".*\.ras"></servlet-mapping>
			<servlet-mapping url-pattern=".*\.cmx"></servlet-mapping>
			<servlet-mapping url-pattern=".*\.ico"></servlet-mapping>
			<servlet-mapping url-pattern=".*\.pnm"></servlet-mapping>
			<servlet-mapping url-pattern=".*\.pbm"></servlet-mapping>
			<servlet-mapping url-pattern=".*\.pgm"></servlet-mapping>
			<servlet-mapping url-pattern=".*\.ppm"></servlet-mapping>
			<servlet-mapping url-pattern=".*\.rgb"></servlet-mapping>
			<servlet-mapping url-pattern=".*\.xbm"></servlet-mapping>
			<servlet-mapping url-pattern=".*\.xpm"></servlet-mapping>
			<servlet-mapping url-pattern=".*\.xwd"></servlet-mapping>
			<servlet-mapping url-pattern=".*\.mht"></servlet-mapping>
			<servlet-mapping url-pattern=".*\.mhtml"></servlet-mapping>
			<servlet-mapping url-pattern=".*\.nws"></servlet-mapping>
			<servlet-mapping url-pattern=".*\.css"></servlet-mapping>
			<servlet-mapping url-pattern=".*\.323"></servlet-mapping>
			<servlet-mapping url-pattern=".*\.htm"></servlet-mapping>
			<servlet-mapping url-pattern=".*\.html"></servlet-mapping>
			<servlet-mapping url-pattern=".*\.stm"></servlet-mapping>
			<servlet-mapping url-pattern=".*\.uls"></servlet-mapping>
			<servlet-mapping url-pattern=".*\.bas"></servlet-mapping>
			<servlet-mapping url-pattern=".*\.c"></servlet-mapping>
			<servlet-mapping url-pattern=".*\.h"></servlet-mapping>
			<servlet-mapping url-pattern=".*\.txt"></servlet-mapping>
			<servlet-mapping url-pattern=".*\.rtx"></servlet-mapping>
			<servlet-mapping url-pattern=".*\.sct"></servlet-mapping>
			<servlet-mapping url-pattern=".*\.tsv"></servlet-mapping>
			<servlet-mapping url-pattern=".*\.htt"></servlet-mapping>
			<servlet-mapping url-pattern=".*\.htc"></servlet-mapping>
			<servlet-mapping url-pattern=".*\.etx"></servlet-mapping>
			<servlet-mapping url-pattern=".*\.vcf"></servlet-mapping>
			<servlet-mapping url-pattern=".*\.mp2"></servlet-mapping>
			<servlet-mapping url-pattern=".*\.mpa"></servlet-mapping>
			<servlet-mapping url-pattern=".*\.mpe"></servlet-mapping>
			<servlet-mapping url-pattern=".*\.mpeg"></servlet-mapping>
			<servlet-mapping url-pattern=".*\.mpg"></servlet-mapping>
			<servlet-mapping url-pattern=".*\.mpv2"></servlet-mapping>
			<servlet-mapping url-pattern=".*\.mov"></servlet-mapping>
			<servlet-mapping url-pattern=".*\.qt"></servlet-mapping>
			<servlet-mapping url-pattern=".*\.lsf"></servlet-mapping>
			<servlet-mapping url-pattern=".*\.lsx"></servlet-mapping>
			<servlet-mapping url-pattern=".*\.asf"></servlet-mapping>
			<servlet-mapping url-pattern=".*\.asr"></servlet-mapping>
			<servlet-mapping url-pattern=".*\.asx"></servlet-mapping>
			<servlet-mapping url-pattern=".*\.avi"></servlet-mapping>
			<servlet-mapping url-pattern=".*\.movie"></servlet-mapping>
			<servlet-mapping url-pattern=".*\.flr"></servlet-mapping>
			<servlet-mapping url-pattern=".*\.vrml"></servlet-mapping>
			<servlet-mapping url-pattern=".*\.wrl"></servlet-mapping>
			<servlet-mapping url-pattern=".*\.wrz"></servlet-mapping>
			<servlet-mapping url-pattern=".*\.xaf"></servlet-mapping>
			<servlet-mapping url-pattern=".*\.xof"></servlet-mapping>
			<servlet-mapping url-pattern=".*\.eot"></servlet-mapping>
		</tiny-processor>
		<tiny-processor id="tinyTemplateProcessor" class="tinyTemplateProcessor">
			<servlet-mapping url-pattern=".*\.page"></servlet-mapping>
			<servlet-mapping url-pattern=".*\.pagelet"></servlet-mapping>
		</tiny-processor>
	</tiny-processors>

	<!--tiny-filters配置 -->
	<tiny-filters>
		<tiny-wrapper-filter id="tinyFilterWrapper" class="tinyFilterWrapper">
			<init-param name="filter_beans" value="gZIPFilter"></init-param>
			<filter-mapping url-pattern=".*"></filter-mapping>
		</tiny-wrapper-filter>
		<tiny-filter id="basicTinyFilter" class="basicTinyFilter">
			<filter-mapping url-pattern=".*"></filter-mapping>
			<init-param name="maxCookieSize" value="5K"></init-param>
		</tiny-filter>
		<tiny-filter id="setLocaleTinyFilter" class="setLocaleTinyFilter">
			<filter-mapping url-pattern=".*"></filter-mapping>
			<init-param name="defaultLocale" value="zh_CN"></init-param>
			<init-param name="defaultCharset" value="UTF-8"></init-param>
			<init-param name="inputCharset" value="_input_charset"></init-param>
			<init-param name="outputCharset" value="_output_charset"></init-param>
			<init-param name="paramKey" value="_lang"></init-param>
			<init-param name="sessionKey" value="_lang"></init-param>
		</tiny-filter>
		<tiny-filter id="parserTinyFilter" class="parserTinyFilter">
			<filter-mapping url-pattern=".*"></filter-mapping>
			<init-param name="converterQuietParam" value="true"></init-param>
			<init-param name="caseFolding" value="lower_with_underscores"></init-param>
			<init-param name="autoUpload" value="true"></init-param>
			<init-param name="unescapeParameters" value="true"></init-param>
			<init-param name="useServletEngineParser" value="false"></init-param>
			<init-param name="useBodyEncodingForUri" value="true"></init-param>
			<init-param name="uriEncoding" value="UTF-8"></init-param>
			<init-param name="trimming" value="true"></init-param>
			<init-param name="htmlFieldSuffix" value=".~html"></init-param>
		</tiny-filter>
		<tiny-filter id="bufferedTinyFilter" class="bufferedTinyFilter">
			<filter-mapping url-pattern=".*"></filter-mapping>
		</tiny-filter>
		<tiny-filter id="lazyCommitTinyFilter" class="lazyCommitTinyFilter">
			<filter-mapping url-pattern=".*"></filter-mapping>
		</tiny-filter>
		<tiny-filter id="rewriteTinyFilter" class="rewriteTinyFilter">
			<filter-mapping url-pattern=".*"></filter-mapping>
		</tiny-filter>
		<tiny-filter id="sessionTinyFilter" class="sessionTinyFilter">
			<filter-mapping url-pattern=".*"></filter-mapping>
		</tiny-filter>
		<!--<tiny-wrapper-filter id="tinyFilterWrapper" class="tinyFilterWrapper">
			value值可以是多个实现http filter接口的bean名称，多个以","分隔开 <init-param name="filter_beans"
			value="encondingHttpFilter"></init-param> <filter-mapping url-pattern=".*"></filter-mapping>
			</tiny-wrapper-filter> -->
	</tiny-filters>
	<!--tiny listener 配置 -->
	<tiny-listener>
		<!--<listener-bean name=""></listener-bean> -->
		<!--<context-param name="" value=""></context-param> -->
	</tiny-listener>


	<parser>
		<property-editors>
			<property-editor bean-name="customDateRegistrar">
				<property name="format" value="yyyy-MM-dd"></property>
				<property name="locale" value="zh_CN"></property>
				<property name="timeZone" value="GMT+8"></property>
			</property-editor>
		</property-editors>
		<param-parser-filters>
			<param-parser-filter bean-name="hTMLParameterValueFilter"></param-parser-filter>
			<!-- <param-parser-filter bean-name="paramValueEncryptFilter"></param-parser-filter> -->
		</param-parser-filters>
	</parser>

	<session>
		<id cookieEnabled="true" urlEncodeEnabled="false">
			<cookie path="/" name="tinyjsessionid"></cookie>
			<url-encode name="tinyjsessionid"></url-encode>
			<!-- 默认就是uuid方式 -->
			<sessionid-generator bean-name="uuid"></sessionid-generator>
		</id>
		<stores>
			<session-store bean-name="cookieStore" />
		</stores>
		<store-mappings>
			<match name="name" store="cookieStore" />
			<matchRegex pattern=".*" store="cookieStore" />
		</store-mappings>
		<!-- 如果没有配置默认为SessionModelEncoderImpl -->
		<session-model-encoders>
			<session-model-encoder bean-name="sessionModelEncoderImpl"></session-model-encoder>
		</session-model-encoders>
		<!--<interceptors> <interceptor bean-name="sessionLifecycleLogger"></interceptor>
			<interceptor bean-name="sessionAttributeWhitelist"></interceptor> </interceptors> -->
	</session>
	<jcs-config enable="false">
	</jcs-config>

	<!--文件监控器配置参数，具体参见FileMonitorProcessor配置管理手册，interrupt扫描间隔时间，单位秒 -->
	<file-monitor interval="10" enable="true" />




	<template-config templateExtFileName="page" layoutExtFileName="layout" componentExtFileName="component">
		<init-param name="compactMode" value="false" ></init-param>
		<template-function name="jsonFunction" ></template-function>
		<!-- <template-function name="saveSession" ></template-function> -->
	</template-config>

</application>