﻿<?xml version="1.0" encoding="UTF-8"?>
<beans xmlns="http://www.springframework.org/schema/beans"
	xmlns:xsi="http://www.w3.org/2001/XMLSchema-instance" xmlns:context="http://www.springframework.org/schema/context"
	xsi:schemaLocation="http://www.springframework.org/schema/beans http://www.springframework.org/schema/beans/spring-beans.xsd
		http://www.springframework.org/schema/context http://www.springframework.org/schema/context/spring-context.xsd">


  <bean id="fileResolver" scope="singleton"
		class="org.tinygroup.fileresolver.impl.FileResolverImpl">
		<property name="fileProcessorList">
			<list>
				<ref bean="i18nFileProcessor" />
				<ref bean="xStreamFileProcessor" />
				
				<ref bean="tinyFilterFileProcessor" />
				<ref bean="tinyProcessorFileProcessor" />

                <!-- validate -->
                <ref bean="validateMapFileProcessor"/>
                <ref bean="validateFileProcessor"/>
				 
				<!-- 模板引擎-->
				<ref bean="tinyMacroFileProcessor" />
				
				<ref bean="fullContextFileFinder" />
				<ref bean="uIComponentFileProcessor" />
				
				<!-- context2objects -->
				<ref bean="generatorFileProcessor"/>
			</list>
		</property>
	</bean>
	<bean id="fileResolverProcessor" scope="singleton"
		class="org.tinygroup.fileresolver.applicationprocessor.FileResolverProcessor">
		<property name="fileResolver" ref="fileResolver"></property>
	</bean>
	
</beans>
